Threshold Prob,Reaches Steady States,variance
0.3737999999999999, False, 0.0504743794854364
0.3744, True, 0.04965709306322495
0.3734999999999999, False, 0.04114090312701168
0.3741, False, 0.06693666389312437
